año,fecha,ingresos,utilidad_bruta,ebitda_recurrente,resultado_neto,t,ingresos_lag1,utilidad_bruta_lag1,ebitda_recurrente_lag1,resultado_neto_lag1,ingresos_lag4,utilidad_bruta_lag4,ebitda_recurrente_lag4,resultado_neto_lag4,ingresos_rolling_mean_4,utilidad_bruta_rolling_mean_4,ebitda_recurrente_rolling_mean_4,resultado_neto_rolling_mean_4,ingresos_rolling_std_4,utilidad_bruta_rolling_std_4,ebitda_recurrente_rolling_std_4,resultado_neto_rolling_std_4,ingresos_yoy_pct,utilidad_bruta_yoy_pct,ebitda_recurrente_yoy_pct,resultado_neto_yoy_diff,T_1,T_2,T_3,T_4
2021,2021-03-31,3819172,1016535,306694,84957,5,4345013.0,1142061.0,460429.0,144284.0,4052431.0,1001122.0,262832.0,21987.0,3933959.75,989232.25,317965.25,57718.0,328603.1492579613,111226.68311568347,97268.10496894653,60066.70928781322,-5.756026444373763,1.5395725995433152,16.688226699945208,62970.0,1,0,0,0
2021,2021-06-30,3696687,959633,306557,50744,6,3819172.0,1016535.0,306694.0,84957.0,3688456.0,911875.0,299143.0,12787.0,3875645.0,993085.5,328930.75,73460.5,321184.4949090787,112039.88719945529,91268.19415464513,55671.60326114802,0.22315570525988093,5.2373406442769,2.4784133340910453,37957.0,0,1,0,0
2021,2021-09-30,4163857,1061678,353514,126315,7,3696687.0,959633.0,306557.0,50744.0,3649939.0,901871.0,249457.0,51814.0,3877702.75,1005025.0,330784.25,82949.75,319607.9609004079,102652.36931183486,90533.93946056915,43865.56940148694,14.080180518085372,17.71949646900721,41.71340150807554,74501.0,0,0,1,0
2021,2021-12-31,5242669,1395683,568638,212665,8,4163857.0,1061678.0,353514.0,126315.0,4345013.0,1142061.0,460429.0,144284.0,4006182.25,1044976.75,356798.5,101575.0,300237.54335012246,77021.14895003408,72536.74405200903,42016.16659493502,20.659454873897953,22.207395226699788,23.501777689936997,68381.0,0,0,0,1
2022,2022-03-31,4601967,1174498,355163,64539,9,5242669.0,1395683.0,568638.0,212665.0,3819172.0,1016535.0,306694.0,84957.0,4230596.25,1108382.25,383850.75,118670.25,703106.056368632,196031.6850467036,125158.74456431986,69866.57258601331,20.4964583946468,15.539356736364219,15.803700104990636,-20418.0,1,0,0,0
2022,2022-06-30,4717215,1186872,370917,62264,10,4601967.0,1174498.0,355163.0,64539.0,3696687.0,959633.0,306557.0,50744.0,4426295.0,1147873.0,395968.0,113565.75,657907.9715198268,187067.334000354,117298.26080267914,73786.62754806365,27.606556898109048,23.679781749898133,20.99446432474221,11520.0,0,1,0,0
2022,2022-09-30,5103845,1303681,398998,49937,11,4717215.0,1186872.0,370917.0,62264.0,4163857.0,1061678.0,353514.0,126315.0,4681427.0,1204682.75,412058.0,116445.75,443646.24045441113,139235.76644280972,104680.9744605007,70676.53758438275,22.574934729987127,22.794387752218647,12.86625140729929,-76378.0,0,0,1,0
2022,2022-12-31,6196646,1574532,537323,-77668,12,5103845.0,1303681.0,398998.0,49937.0,5242669.0,1395683.0,568638.0,212665.0,4916424.0,1265183.5,423429.0,97351.25,305575.8835357702,104672.0719660534,98489.05919271777,77143.00768648229,18.19639958196866,12.814442821185047,-5.5070185249666785,-290333.0,0,0,0,1
2023,2023-03-31,5456154,1432919,387285,45118,13,6196646.0,1574532.0,537323.0,-77668.0,4601967.0,1174498.0,355163.0,64539.0,5154918.25,1309895.75,415600.25,24768.0,726898.5261421178,185776.17509676347,83149.0961882128,68591.28981146222,18.56134561590728,22.00267688833868,9.044297970227744,-19421.0,1,0,0,0
2023,2023-06-30,5119120,1339428,395391,-6184,14,5456154.0,1432919.0,387285.0,45118.0,4717215.0,1186872.0,370917.0,62264.0,5368465.0,1374501.0,423630.75,19912.75,629212.0565654581,166978.2198631506,76664.75301542858,65453.26924035193,8.519963580205703,12.85361858734555,6.598241655141179,-68448.0,0,1,0,0
2023,2023-09-30,5131477,1279870,328709,-31685,15,5119120.0,1339428.0,395391.0,-6184.0,5103845.0,1303681.0,398998.0,49937.0,5468941.25,1412640.0,429749.25,2800.75,511660.0093977607,120902.60285315062,71882.89768030129,59353.52045371867,0.5413957516342993,-1.826443738920791,-17.61637902946882,-81622.0,0,0,1,0
2023,2023-12-31,5415336,1373826,527034,118749,16,5131477.0,1279870.0,328709.0,-31685.0,6196646.0,1574532.0,537323.0,-77668.0,5475849.25,1406687.25,412177.0,-17604.75,505233.89370955364,128408.70481753432,88562.23762605219,51219.86703988339,-12.608595036734393,-12.747025782899302,-1.9148631270204275,196417.0,0,0,0,1
2024,2024-03-31,5275139,1321953,302113,-37863,17,5415336.0,1373826.0,527034.0,118749.0,5456154.0,1432919.0,387285.0,45118.0,5280521.75,1356510.75,409604.75,31499.5,180080.01152149914,64040.77726664989,83733.61143680595,66358.28510191223,-3.317629964256874,-7.744052524950817,-21.99207302116013,-82981.0,1,0,0,0
2024,2024-06-30,5074917,1299704,341931,-18735,18,5275139.0,1321953.0,302113.0,-37863.0,5119120.0,1339428.0,395391.0,-6184.0,5235268.0,1328769.25,388311.75,10754.25,139376.12283553666,39078.20188097186,100460.092797671,73290.51161587471,-0.8634882557939649,-2.9657435860680814,-13.520793341274839,-12551.0,0,1,0,0
2024,2024-09-30,5242429,1286381,342181,-34733,19,5074917.0,1299704.0,341931.0,-18735.0,5131477.0,1279870.0,328709.0,-31685.0,5224217.25,1318838.25,374946.75,7616.5,152764.2190269587,40488.674748831414,102734.70044204475,74515.83037851757,2.162184493860142,0.508723542234768,4.0984579065374005,-3048.0,0,0,1,0
2024,2024-12-31,6288024,1624970,638210,146117,20,5242429.0,1286381.0,342181.0,-34733.0,5415336.0,1373826.0,527034.0,118749.0,5251955.25,1320466.0,378314.75,6854.5,139838.0576914475,38480.94176775466,100918.36168697615,75065.25295368025,16.115121942571985,18.28062651311011,21.094654234831147,27368.0,0,0,0,1
2025,2025-03-31,5404642,1382773,371148,93147,21,6288024.0,1624970.0,638210.0,146117.0,5275139.0,1321953.0,302113.0,-37863.0,5470127.25,1383252.0,406108.75,13696.5,552272.0181386311,161812.04927322315,155875.64176264574,88676.92206919829,2.454968485190623,4.600768711141767,22.850721418806863,131010.0,1,0,0,0
2025,2025-06-30,5208469,1335783,452242,146865,22,5404642.0,1382773.0,371148.0,93147.0,5074917.0,1299704.0,341931.0,-18735.0,5502503.0,1398457.0,423367.5,46449.0,540705.8009780672,156915.3825155456,143883.4334927641,87471.68000368272,2.6316095415944707,2.7759397524359297,32.26118719858686,165600.0,0,1,0,0
2025,2025-09-30,5228905,1312056,448017,142905,23,5208469.0,1335783.0,452242.0,146865.0,5242429.0,1286381.0,342181.0,-34733.0,5535891.0,1407476.75,450945.25,87849.0,508676.5380927254,150241.764629269,133250.4300665355,85503.34030122255,-0.25797202022191934,1.9959094545084266,30.92982953466148,177638.0,0,0,1,0
2025,2025-12-31,6166344,1612428,670615,209191,24,5228905.0,1312056.0,448017.0,142905.0,6288024.0,1624970.0,638210.0,146117.0,5532510.0,1413895.5,477404.25,132258.5,511315.36104638973,143751.98662163477,113498.35415069536,26130.85825226566,-1.9351071179117607,-0.7718296337778541,5.07748233340124,63074.0,0,0,0,1
